issue,suggested_specialty,name,area,current_specialty,google_category_raw,rating,reviews,place_id
MISMATCH,قطع غيار,البابطين أوتو | AlBabtain Auto Ahmadi,شرق الأحمدي,بطاريات,متجر قطع غيار سيارات,4.9,3346,ChIJF-uGuhMHzz8RU-BMKHCjZuo
MISMATCH,قطع غيار,جلف اكسبريس للإطارات,الشويخ الصناعية,تواير وبنشر,متجر قطع غيار سيارات,4.9,2743,ChIJTROCYpObzz8Rjri6CMR4IVM
MISMATCH,قطع غيار,"AlBabtain Auto, Jahra, البابطين أوتو -الجهراء ,الكويت",الجهراء المنطقة الصناعية قطعه 1,قير وفتيس,متجر قطع غيار سيارات,5.0,2584,ChIJU7AOu6X3zz8R00n3dZH-B2A
MISMATCH,فحص فني,الضمان للفحص الفني,الشويخ الصناعية 2,كمبيوتر وتشخيص,محطة فحص سيارات,4.1,2534,ChIJRVyqTJWazz8Rcrqiu4eV2DY
MISMATCH,قطع غيار,"Al Babtain Auto, Al Faiha, البابطين أوتو – بنشر جمعية الفيحاء",الفيحاء,تواير وبنشر,متجر قطع غيار سيارات,5.0,2109,ChIJAXlxY0Kbzz8RN-kU67QzOqk
MISMATCH,قطع غيار,"AlBabtain Auto, Shuwaikh, البابطين أوتو – الشويخ، شارع الزينة",الشويخ الصناعية 2,زيوت وصيانة,متجر قطع غيار سيارات,4.9,1987,ChIJld-pg_mbzz8RSNTZc5ncMhQ
MISMATCH,وكيل,تويوتا الساير,شويخ الصناعية 1,دواسر وفرش,مورد سيارات تويوتا,4.1,1724,ChIJX4NTzZmazz8RSHdOHr7_9NU
MISMATCH,وكيل,فورد الغانم (الشويخ),شويخ الصناعية 1,كمبيوتر وتشخيص,مورد سيارات فورد,4.0,1723,ChIJbXTiQcuazz8R_D0SuqSdBAE
MISMATCH,فحص فني,شركة جبلة للفحص الفني للسيارات,الشويخ الصناعية 3,كمبيوتر وتشخيص,محطة فحص سيارات,4.4,1709,ChIJU6wcjxSbzz8RROJruJCpNa4
MISMATCH,زيوت وصيانة,"AlBabtain Auto Al Riggae Oula, البابطين أوتو - محطة الأولى للوقود - الرقعي",الرقعي,فرامل,خدمة تغيير الزيت,5.0,1452,ChIJB38fq_abzz8R8sqxebkrT44
MISMATCH,وكيل,بي ام دبليو الغانم الكويت,شويخ الصناعية 1,كمبيوتر وتشخيص,تاجر سيارات,4.3,1356,ChIJ0TRiKcyazz8RK9YWZJOzeyo
MISMATCH,قطع غيار,الشركة الأهلية لبيع قطع غيار السيارات,الفحيحيل,قير وفتيس,سوق قطع غيار السيارات,4.1,1212,ChIJsUb717MHzz8RFiL19OyOOsA
MISMATCH,قطع غيار,"AlBabtain Auto, Fahaheel, البابطين أوتو -الفحاحيل ,الكويت",الفحيحيل,بطاريات,متجر قطع غيار سيارات,4.9,1156,ChIJ_3RFhO8Hzz8RDfVOUQSv5SE
MISMATCH,وكيل,الخدمة السريعة ميتسوبيشي الملا للسيارات,الري,قير وفتيس,تاجر سيارات,4.2,1125,ChIJwZ6HUJiazz8RT48m_zxRNXw
MISMATCH,فحص فني,الضمان لفحص السيارات,الفحيحيل,ونش وسحب,محطة فحص سيارات,4.1,1115,ChIJodRi1rMHzz8RIqXVf7srytA
MISMATCH,وكيل,المُلا وبهبهاني للسيارات,الري,كمبيوتر وتشخيص,تاجر سيارات,3.8,1023,ChIJnwj4xZiazz8RPJlVSnPBgXU
MISMATCH,بودي وصبغ,الحكيمي لقطع غيار السيارات,الشويخ الصناعية 2,قطع غيار,مورد أجزاء هيكل السيارة,4.0,776,ChIJ2RS9L_mbzz8R34WWmYrAhzI
MISMATCH,فحص فني,الرمال الذهبية للفحص الفني للسيارات - أسواق القرين,غرب ابو فطيرة الحرفية,كمبيوتر وتشخيص,محطة فحص سيارات,4.0,634,ChIJ-UiIy1qgzz8RwWB_yAzHWXo
MISMATCH,وكيل,نيسان البابطين - خدمة باترول,الري,زيوت وصيانة,مورد سيارات نيسان,4.0,578,ChIJ-5mBN5qazz8RTINlRLevn4c
MISMATCH,قطع غيار,اف رود بيرفورمنس لأدوات الزينة وقطع غيار السيارات,الشويخ الصناعية 3,قير وفتيس,متجر قطع غيار سيارات,4.5,577,ChIJVVFbZLyazz8RQbyCKcdoq2E
MISMATCH,وكيل,مركز خدمة المطوع و القاضي,شويخ الصناعية 1,زيوت وصيانة,تاجر سيارات,3.4,551,ChIJmwX7qM-azz8RxC8jwuUpBwI
MISMATCH,وكيل,Mitsubishi Al Mulla Service Center & Spare Parts Ahmadi Center - مركز خدمة ميتسوبيشي الملا وقطع الغيار في الاحمدي,شرق الأحمدي,قير وفتيس,تاجر سيارات,4.9,535,ChIJgYdjt6MHzz8RE8nQo5SAeLM
MISMATCH,قطع غيار,FK Auto Parts - قطع غيار السيارات,المرقاب,بطاريات,متجر قطع غيار سيارات,4.9,465,ChIJJTWN7pqFzz8R0yuYFLT6bXQ
MISMATCH,وكيل,ABDULMOHSEN ABDULAZIZ AL BABTAIN - Nissan,شرق الأحمدي,زيوت وصيانة,تاجر سيارات,4.0,459,ChIJxx0o-f8Hzz8R_QqkyOAie7Y
MISMATCH,ميكانيكا,NO2 GARAGE,الشويخ الصناعية 3,قير وفتيس,ميكانيكي,4.9,442,ChIJD1HyC7Wbzz8Rk64cRLM0d0g
MISMATCH,إكسسوارات,شركه الفانوس لزينة السيارات,الشويخ الصناعية 1,دواسر وفرش,متجر كماليات السيارات,3.9,426,ChIJQ6XGBMeazz8Rm_vA0flo5iE
MISMATCH,قطع غيار,الملحم لخدمة السيارات,الري (قريب من الشويخ),فرامل,متجر قطع غيار سيارات,4.6,410,ChIJR_pjk5Gazz8RE0qngs1Vwe8
MISMATCH,قطع غيار,يور أوف رود,الري,دواسر وفرش,متجر قطع غيار سيارات,4.4,398,ChIJ44CQNZGazz8RbTVIG21Pg3s
MISMATCH,وكيل,AutoMAK Car Service - شركة أوتوماك للسيارات جراج الأحمدى,شرق الأحمدي,ونش وسحب,تاجر سيارات,3.9,387,ChIJKd9h_P8Hzz8Rsteb58tYRiQ
MISMATCH,قطع غيار,TOYOTA,الفحيحيل,بطاريات,متجر قطع غيار سيارات,4.4,375,ChIJ_ZgbNrIHzz8RgBBcGpFuOQc
MISMATCH,وكيل,فورد الغانم - الفحيحيل,الفحيحيل,زيوت وصيانة,تاجر سيارات,4.2,294,ChIJc-PmI1IGzz8RKigCIUJy6gQ
MISMATCH,فحص فني,الفحص الفني العارضية,العارضية 4,كمبيوتر وتشخيص,محطة فحص سيارات,4.6,256,ChIJsxJaFCqRzz8Rfs_eJcA2pUc
MISMATCH,غسيل وتلميع,EMPIRE Studio Kuwait,الري,دواسر وفرش,متجر منتجات العناية بالسيارة,4.9,250,ChIJsajUzJCazz8RUhfBometRjw
MISMATCH,وكيل,Chevrolet Alghanim Safat Service Center - Fahaheel مركز خدمة شفروليه الغانم -,الفحيحيل,قير وفتيس,مورد سيارات شيفروليه,4.0,235,ChIJJ9YgP1IGzz8R0GlagZrj5hM
MISMATCH,إكسسوارات,شركة سنغافورة لادوات زينة السيارات Singapore Car Accessories company,الشويخ الصناعية 2,دواسر وفرش,متجر كماليات السيارات,3.8,233,ChIJuV10I8eazz8RcFIlcQ8DszU
MISMATCH,قطع غيار,شارع الزينه صحه- الشويخ الصناعية,الشويخ الصناعية 1,دواسر وفرش,متجر قطع غيار سيارات,4.1,218,ChIJl1gGsYebzz8Rcvrn4D0SdLk
MISMATCH,فحص فني,شركة نيشان للفحص الفني للسيارات,الشويخ الصناعية,كمبيوتر وتشخيص,محطة فحص سيارات,3.9,205,ChIJNQIUaZaazz8RUGibna7JkEQ
MISMATCH,إكسسوارات,شركة كلين اند بروتكشن لتلميع ووقاية السيارات,الشويخ الصناعية 2,غسيل وتلميع,متجر كماليات السيارات,4.9,202,ChIJ5aP41GKbzz8REiqK7ZQfQN0
MISMATCH,كهرباء سيارات,كهرباء وبنشر جمعية مبارك الكبير,فنيطيس,تواير وبنشر,خدمة كهرباء سيارات,3.8,198,ChIJ6clFF3EKzz8RJ4vd4vbZUhs
MISMATCH,قطع غيار,كراج العارضية لاعمال السكراب,الكويت,قير وفتيس,سوق قطع غيار السيارات,3.8,182,ChIJ4fpKb7QJ0D8RXU5Tsn9hn80
MISMATCH,قطع غيار,Boost Auto Parts,الشويخ الصناعية 3,قير وفتيس,متجر قطع غيار سيارات,4.7,176,ChIJcZtmQ7yazz8RqR3GmuJldUA
MISMATCH,قطع غيار,UNDERGROUND RACING -UGR,الشويخ الصناعية,كمبيوتر وتشخيص,متجر قطع غيار سيارات,4.4,169,ChIJhanvO7-azz8RlUH7x2lJ0xM
MISMATCH,وكيل,شركة الخالد للسيارات,الشويخ الصناعية,إكسسوارات,تاجر سيارات,3.5,161,ChIJ54u1q8ebzz8RFF-FDFb1mQY
MISMATCH,إكسسوارات,بن دوسر اوتوموتويڤ,الري,دواسر وفرش,متجر كماليات السيارات,4.8,158,ChIJbdRK43ubzz8RgPA2lNs68Yk
MISMATCH,إكسسوارات,مركز فل أبشن للعناية بالسيارات,الشويخ الصناعية 3,دواسر وفرش,متجر كماليات السيارات,4.8,153,ChIJB6lezIebzz8RWJkENk4XvMs
MISMATCH,وكيل,Motorgy-The smarter way to buy & sell cars in Kuwait,المرقاب,دواسر وفرش,تاجر سيارات مستعملة,4.3,148,ChIJwWQTQf-bzz8R4mQrvZfe0Dk
MISMATCH,ميكانيكا,بنشر جمعية النعيم,الجهراء،,تواير وبنشر,ورشة ميكانيكا سيارات,3.8,132,ChIJfURtSf31zz8Rse9z2PqnqPA
MISMATCH,إكسسوارات,شركه البرق الدوليه لادوات زينه السيارات ALBARQ,الشويخ الصناعية 1,دواسر وفرش,متجر كماليات السيارات,3.8,123,ChIJuy7k38aazz8ReIRDgHcLlHo
MISMATCH,قطع غيار,سكراب اوتو بارتس السالمي الكويت,الكويت,قير وفتيس,متجر قطع غيار سيارات,3.9,119,ChIJ1ZO6hrYJ0D8ROW_T2YPVn1A
MISMATCH,قطع غيار,شركه قريه الزيوت العالميه لقطع غيار السيارات وتوابعها,الشويخ الصناعية 3,زيوت وصيانة,سوق قطع غيار السيارات,4.3,118,ChIJz5m6rNKbzz8RLH8C6FBF2zk
MISMATCH,ميكانيكا,كراج الباخرة الشويخ,الشويخ الصناعية 1,قير وفتيس,ورشة ميكانيكا سيارات,4.1,117,ChIJWRbo_USbzz8R2kmB6rj_eGo
MISMATCH,قطع غيار,علمدار - قطع الفحيحيل,الفحيحيل,بطاريات,متجر قطع غيار سيارات,4.0,115,ChIJU5NTz1MGzz8RlM44nYSNEBY
MISMATCH,كهرباء سيارات,كهرباء وبنشر جمعية المنصورية,المنصورية,تواير وبنشر,خدمة كهرباء سيارات,3.8,96,ChIJJ1dJe0abzz8RpKZn-cXkN0A
MISMATCH,كمبيوتر وتشخيص,Al dabbous auto service,الشويخ الصناعية,فرامل,خدمة ضبط السيارات,4.3,93,ChIJ01072lWbzz8RrkOAWnNJPmo
MISMATCH,ميكانيكا,كهرباء الخطيب,الفروانية,بطاريات,ميكانيكي,4.3,92,ChIJjfN8r5qbzz8R4QuNZACZrfg
MISMATCH,غسيل وتلميع,كراج ويزو ديزاين,الشويخ الصناعية 1,دواسر وفرش,خدمة العناية الشاملة بالسيارة,4.7,87,ChIJlRrAIJCazz8Ra5v8mrHntCY
MISMATCH,قطع غيار,AUTO1 Parts & Accessories Shuwaikh 03,الشويخ الصناعية 3,كمبيوتر وتشخيص,متجر قطع غيار سيارات,4.1,80,ChIJf4VMyqOazz8RS-k2mNRePdk
MISMATCH,قطع غيار,شركة البديع لقطع غيار السيارات,الفحيحيل,بطاريات,متجر قطع غيار سيارات,3.9,79,ChIJjS_1lUYHzz8R84GguVL3x6s
MISMATCH,تكييف,كراج الشاطر كهرباء وتكييف وميكانيكا 💯,الشويخ الصناعية 2,كهرباء سيارات,خدمة تكييف سيارات,3.9,77,ChIJF5ZGKQCbzz8RtgimlgH2mSY
MISMATCH,تكييف,فني تكييف هندي بالكويت,الكويت,كمبيوتر وتشخيص,خدمة إصلاح تكييف الهواء,4.2,74,ChIJizc5lmebzz8RoskRh-ZIwnY
MISMATCH,قطع غيار,مركز صيانة إي سي دلكو,شرق الأحمدي,بطاريات,متجر قطع غيار سيارات,4.0,73,ChIJl0O6T_oHzz8RIauR5fLUuz8
MISMATCH,إكسسوارات,Auto Emporio By Burhani Car Accessories,الشويخ الصناعية 2,دواسر وفرش,متجر كماليات السيارات,4.1,72,ChIJC3qio76bzz8RjoF6TqVvgpw
MISMATCH,قطع غيار,Mag1 oil,الشويخ الصناعية 3,زيوت وصيانة,سوق قطع غيار السيارات,4.7,71,ChIJB4LaovObzz8RSx5E2RM_I18
MISMATCH,بطاريات,إطارات يوكوهاما الساير YOKOHAMA TIRES ALSAYER,الشويخ الصناعية 2,تواير وبنشر,متجر بطاريات سيارات,4.2,71,ChIJEx3l39abzz8RI7EaX_lDLPc
MISMATCH,كهرباء سيارات,كهرباء وبنشر المضخة,الجهراء,تواير وبنشر,خدمة كهرباء سيارات,4.0,69,ChIJ9V26L2n2zz8RGd8onBVsLyg
MISMATCH,إكسسوارات,شركة بريمرى أوتو التجارية,شويخ الصناعية 3,دواسر وفرش,متجر كماليات السيارات,4.8,65,ChIJu_jc772azz8RwoQvoQE2ihQ
MISMATCH,كمبيوتر وتشخيص,B-TUNE Performance & Tuning,الشويخ الصناعية,إكسسوارات,خدمة ضبط السيارات,4.7,64,ChIJhV1IBL-azz8R77VvdXxrpQs
MISMATCH,إكسسوارات,كراج متاريس,المرقاب,قير وفتيس,متجر كماليات السيارات,4.1,61,ChIJSVgqYxGFzz8Rqxh0aOKZEe4
MISMATCH,وكيل,معرض سيارات بيجو,الري,دواسر وفرش,تاجر سيارات Peugeot,4.0,61,ChIJrSb9npaazz8RtLcoyriuVtY
MISMATCH,زيوت وصيانة,Ali Alghanim Mubarak Al-Kabeer Service Station,مبارك الكبير,بطاريات,خدمة تغيير الزيت,4.2,57,ChIJYb7d0KGgzz8RmUGo34t1cck
MISMATCH,قطع غيار,Al Qamer Auto Parts (القمري) قطع غيار دبّوس,الفحيحيل,بطاريات,متجر قطع غيار سيارات,4.8,56,ChIJJQiOBu4Hzz8Re6lvpEcHvgM
MISMATCH,قطع غيار,Al-Mhaimeed Auto Spare Parts,الشويخ الصناعية 1,كمبيوتر وتشخيص,متجر قطع غيار سيارات,4.8,55,ChIJuRJlC8aazz8RJJIsMR_Iuw0
MISMATCH,قطع غيار,الساير لقطع غيار السيارات | لكزس تويوتا,الفروانية,بطاريات,متجر قطع غيار سيارات,4.1,54,ChIJlw6AKCabzz8RnsekRL_XvuE
MISMATCH,قطع غيار,كراج الحريري Volvo,الكويت,إكسسوارات,متجر لبيع أجزاء السيارات المستعملة,3.9,54,ChIJkVU_arIJ0D8RrveG1Gpzli0
MISMATCH,إكسسوارات,CAR Zeena Center,الشويخ الصناعية,دواسر وفرش,متجر كماليات السيارات,4.3,52,ChIJzRjWQcGazz8RiCQLswwWibY
MISMATCH,كهرباء سيارات,كهرباء وبنشر أخصائي تكييف,الشويخ الصناعية,تواير وبنشر,خدمة كهرباء سيارات,3.9,51,ChIJ7c8nZOmazz8RAm3V2FY_0z0
MISMATCH,بودي وصبغ,AutoWrap,الري,ونش وسحب,ورشة إصلاح هياكل سيارات,4.4,51,ChIJ4xWFRbebzz8RtCU1Wce5dcw
MISMATCH,بطاريات,AlMailem Tires AAT07,الفحيحيل,تواير وبنشر,متجر بطاريات سيارات,4.8,50,ChIJMTpRz8sHzz8R15KHZgbL5ds
MISMATCH,كهرباء سيارات,كهرباء و بنشر زهرة البسام,المهبولة,تواير وبنشر,خدمة كهرباء سيارات,4.5,49,ChIJ3z_NfgIJzz8R_rrNV90Ub4g
MISMATCH,وكيل,الصراف للسيارات,غرب ابو فطيرة الحرفية,دواسر وفرش,سوق سيارات,4.2,48,ChIJvQvzKlqgzz8R625KlPtZsNU
MISMATCH,وكيل,Apatchi Cars Co. used car in Kuwait -معرض أباتشي لبيع وشراء السيارات - سيارات للبيع الكويت,Salmiyah . Maid an Hawalli,دواسر وفرش,تاجر سيارات مستعملة,3.8,48,ChIJc5RahKmdzz8R3UKpNH_K_GI
MISMATCH,وكيل,السليم موتورز,الري,كمبيوتر وتشخيص,تاجر سيارات,4.2,47,ChIJSWTFTdqbzz8RnGObmVQjUjs
MISMATCH,إكسسوارات,انوار المهلب ANWAAR AL MUHALLB CAR Accessories,الفحيحيل,بطاريات,متجر كماليات السيارات,4.8,47,ChIJDYLx6uUHzz8RHRl6N5MxdKQ
MISMATCH,وكيل,212 Kuwait,الري,دواسر وفرش,تاجر سيارات مستعملة,3.7,46,ChIJiwVBnpaazz8RJlCy3-Yig_I
MISMATCH,غسيل وتلميع,"ProTech Monte-Carlo, Kuwait",الشويخ الصناعية 2,دواسر وفرش,خدمة العناية الشاملة بالسيارة,4.3,45,ChIJJS4yULGazz8RL3d3yJIDsAg
MISMATCH,كهرباء سيارات,كهرباء وبنشر جمعية سلوى,سلوى,تواير وبنشر,خدمة كهرباء سيارات,4.3,45,ChIJBcBsbPKfzz8RDU-5j_RKarY
MISMATCH,قطع غيار,AUTO1 Parts and Accessories Jeleeb,جليب الشيوخ,بطاريات,متجر قطع غيار سيارات,4.2,45,ChIJsft_KTabzz8RmYMeoluViig
MISMATCH,غسيل وتلميع,Reflection,الري (قريب من الشويخ),دواسر وفرش,خدمة العناية الشاملة بالسيارة,4.5,40,ChIJESSm-Iyazz8RgtwShd-XgZ4
MISMATCH,غسيل وتلميع,Topaz Detailing Kuwait | Luxury Car Detailing and Paint Protection Film Specialists,الري (قريب من الشويخ),بودي وصبغ,خدمة العناية الشاملة بالسيارة,4.9,39,ChIJZe2HOgCbzz8RUlP6btWBkPQ
MISMATCH,إكسسوارات,Epic Overland ايبك اوفرلاند,الري (قريب من الشويخ),دواسر وفرش,متجر كماليات السيارات,4.1,39,ChIJEXJnLgFVxT8RLbNzRH9H2yI
MISMATCH,قطع غيار,سكراب السيارات النعايم سوزوكي,الكويت,قير وفتيس,متجر قطع غيار سيارات,3.8,39,ChIJsXBfrssJ0D8RR3P2f6XWU98
MISMATCH,ميكانيكا,Kuwait Heat Transfer Co.,شرق الأحمدي,تكييف,مقاول أجهزة ميكانيكية,4.8,37,ChIJ25tk8L2azz8RUvCdg0yJFr8
MISMATCH,وكيل,Military AutoSource (MAS) Ali Al Salem On Base,الكويت,ونش وسحب,تاجر سيارات,4.4,37,ChIJx80IoMtVxT8RsEq9zb00334
MISMATCH,كهرباء سيارات,بنشر متنقل نجوم الخليج محمد غنيم,السالمية,تواير وبنشر,خدمة كهرباء سيارات,4.6,37,ChIJT14ZPPudzz8Rhlcl1HuxU6w
MISMATCH,بطاريات,برلين للإطارات,الشويخ الصناعية 2,تواير وبنشر,متجر بطاريات سيارات,3.3,36,ChIJq9Lrdbebzz8Rd9uMfBAHw8M
MISMATCH,قطع غيار,البرهان المفضل لتصليح السيارات,جليب الشيوخ,بطاريات,سوق قطع غيار السيارات,4.3,35,ChIJf7MVKF2bzz8Rb8do_F5OCX8
MISMATCH,وكيل,Automak Automotive Co - Shuwaikh 2 - شركة أوتوماك الشويخ 2,الشويخ الصناعية 2,وكلاء وكالات,شركة سيارات,4.0,35,ChIJI5cK3wSbzz8sJ_16L6-fCQ
MISMATCH,قطع غيار,سكراب الجامعة,الكويت,إكسسوارات,متجر لبيع أجزاء السيارات المستعملة,3.6,34,ChIJT6PAl0wI0D8RS6zIRhBIG6k
MISMATCH,فحص فني,الرمال الذهبية اوتو,العارضية الحرفية,قير وفتيس,محطة فحص سيارات,4.0,33,ChIJ2RXG2ASRzz8ROZ6Il0jzz6Q
MISMATCH,وكيل,مركز مقدم موتورز لبيع وشراء السيارات,غرب ابو فطيرة الحرفية,كمبيوتر وتشخيص,تاجر سيارات,4.3,31,ChIJx8R51Fugzz8REE1Edi2wG0I
MISMATCH,ميكانيكا,بنشر بشاير البركة,خيطان,تواير وبنشر,ميكانيكي,4.3,29,ChIJv64bVWabzz8RllMOjQDo7-E
MISMATCH,غسيل وتلميع,حماية وتظليل حراري للسيارات - شركة الماسة,غرب ابو فطيرة الحرفية,تظليل وزجاج,خدمة العناية الشاملة بالسيارة,4.1,29,ChIJ5Xm3xw2hzz8R-o3wizW1Tkg
MISMATCH,كهرباء سيارات,بنشر متنقل كراج وادي البيادر حولي,حولي,تواير وبنشر,خدمة كهرباء سيارات,4.6,28,ChIJ-xzOLgqdzz8RUoG93Mj9PsE
MISMATCH,إكسسوارات,ROYALFIT,الشويخ الصناعية,دواسر وفرش,متجر كماليات السيارات,4.0,28,ChIJt_BHsn-bzz8RXZBlD4zo3a4
MISMATCH,إكسسوارات,عالم الرائد لزينه السيارات وقطع الغيار / نسخ وبرمجة مفاتيح وفتح سيارات وعمل مفتاح بدل فاقد,الجهراء المنطقة الصناعية قطعه 1,كمبيوتر وتشخيص,متجر كماليات السيارات,3.9,28,ChIJWTPkNMT2zz8Rs_GmFqQ0Y84
MISMATCH,إكسسوارات,شركة الأوائل الاوريبة تنجيد كشنات. shop,الشويخ الصناعية,دواسر وفرش,متجر كماليات السيارات,4.9,27,ChIJZ5BOOsmbzz8RrTTcbg4RkvI
MISMATCH,وكيل,بيستون الخالد أوتو الكويت,الشويخ الصناعية,إكسسوارات,تاجر سيارات,3.9,27,ChIJxwSjHTabzz8RPeDdxYHXiOM
MISMATCH,إكسسوارات,Active 24,الري,دواسر وفرش,متجر كماليات السيارات,4.8,26,ChIJn3BvbQCbzz8RZISe7anhNyw
MISMATCH,غسيل وتلميع,Montecarlo - كراج مونتكارلو,الشويخ الصناعية,إكسسوارات,خدمة العناية الشاملة بالسيارة,4.5,26,ChIJQY86tsmbzz8Ri8CvLuDvN44
MISMATCH,إكسسوارات,جي تي ايه لحماية و تظليل السيارات,الري (قريب من الشويخ),تظليل وزجاج,متجر كماليات السيارات,4.5,24,ChIJhVs5Rx-bzz8RtgVahlln-fc
MISMATCH,إكسسوارات,شركة دبليو اف لزينه السيارات WF,الشويخ الصناعية 2,دواسر وفرش,متجر كماليات السيارات,4.3,24,ChIJ4ZRQ-LWbzz8RDECRk-Bu_Wo
MISMATCH,قطع غيار,زينة سيارات _ الركن اليماني perfec _ car Accessories,العارضية الحرفية,كمبيوتر وتشخيص,متجر قطع غيار سيارات,4.4,24,ChIJnQxr5x6Rzz8RE5T8sYM6ZaU
MISMATCH,وكيل,اكس درايف بيع وشراء وتثمين السيارات,العارضية الحرفية,دواسر وفرش,تاجر سيارات,4.3,23,ChIJm7fvx_Whzz8RBVaEv-oza4k
MISMATCH,إكسسوارات,باكستان العالمية لتنجيد مقاعد السيارات والاكسسوات,الشويخ الصناعية 1,دواسر وفرش,متجر كماليات السيارات,4.1,22,ChIJDZQASMGazz8Rjq6VC9L4PLc
MISMATCH,ميكانيكا,كراج نيو اوتو كير لتصليح السيارات,الري,دواسر وفرش,ميكانيكي,4.8,22,ChIJPfT4dzSbzz8RUTfTgrfb36s
MISMATCH,إكسسوارات,Sheraa Al-Kuwait Co.,مدينة الكويت,دواسر وفرش,متجر كماليات السيارات,4.5,22,ChIJ1-33WCqbzz8R-hWt77ZUkew
MISMATCH,قطع غيار,كراج السلام,الكويت,إكسسوارات,متجر لبيع أجزاء السيارات المستعملة,3.5,21,ChIJ-zxgLk0I0D8RlMpYV5U8LRs
MISMATCH,كمبيوتر وتشخيص,UGR Dyno Kuwait,الشويخ الصناعية,إكسسوارات,خدمة ضبط السيارات,4.4,21,ChIJdUDHJfGbzz8Rf5N7a0Sc2tA
MISMATCH,قطع غيار,كراج بن نخي لجميع السيارات,Salmi,قير وفتيس,متجر لبيع أجزاء السيارات المستعملة,4.1,20,ChIJy8H39NsJ0D8RF7M8-EfSVlI
MISMATCH,كهرباء سيارات,كهرباء وبنشر جمعية الفردوس التعاونية,الفردوس,تواير وبنشر,خدمة كهرباء سيارات,3.4,20,ChIJ5SgmOEaRzz8RR2J4j0TLCCc
MISMATCH,ميكانيكا,ميزان صقور البرنس بروفاندر,الفحيحيل,كمبيوتر وتشخيص,محل ياي سيارات,4.6,19,ChIJjSPXJAAHzz8RVHSs4o6-6Hw
MISMATCH,إكسسوارات,شركة محمد يوسف لتنجيد مقاعد و زينة السيارات,الشويخ الصناعية 3,دواسر وفرش,تاجر جملة اكسسوارات سيارات,4.3,19,ChIJRSPEgb-azz8RGxfuF7UhYik
MISMATCH,ميكانيكا,بنشر متنقل ورشة متنقلة كراج الشعله اصلاح السيارات خدمة طرق خدمة منازل خدمة بر,الرميثية,تواير وبنشر,ورشة ميكانيكا سيارات,4.8,19,ChIJddrFLNKdzz8Rxes1T4Djoco
MISMATCH,ميكانيكا,جسار تكييف وميكانيك وكهرباء,الشويخ الصناعية 3,كهرباء سيارات,ورشة ميكانيكا سيارات,4.2,18,ChIJu5jCvIqbzz8Ry52CGXf9Hvk
MISMATCH,كهرباء سيارات,كهرباء وميكانيك ومكيفات ماضي,الفحيحيل,بطاريات,خدمة كهرباء سيارات,4.4,18,ChIJS6BiEhgHzz8RupKdlZJgAEQ
MISMATCH,إكسسوارات,Ostura Car Accessories for Wellfit Car seatcovers,الشويخ الصناعية,دواسر وفرش,متجر كماليات السيارات,4.7,18,ChIJNwP1I8Gazz8RBxZQrq3C8qk
MISMATCH,زيوت وصيانة,AlMailem Oil & Lubricants,الشويخ الصناعية 1,كمبيوتر وتشخيص,خدمة تغيير الزيت,5.0,17,ChIJl17XSSibzz8R1b82Gu1Wa84
MISMATCH,قطع غيار,بزنس كار,العارضية الحرفية,كمبيوتر وتشخيص,متجر لبيع أجزاء السيارات المستعملة,4.2,17,ChIJr1mBkX2Rzz8R3qi9rX-V3EY
MISMATCH,غسيل وتلميع,مركز 37 ديزاين,الري,دواسر وفرش,خدمة العناية الشاملة بالسيارة,4.7,17,ChIJI7_2e8iazz8RfROOGE1Qslc
MISMATCH,وكيل,مؤسسة يورو لبيع السيارات,السالمية,دواسر وفرش,تاجر سيارات مستعملة,3.8,17,ChIJqxnFiq-dzz8RJAUWnuOK8lM
MISMATCH,قطع غيار,سكراب عوهه - تويوتا,الكويت,إكسسوارات,متجر لبيع أجزاء السيارات المستعملة,3.9,17,ChIJ1XtQ-LkJ0D8RblQeDViTjh8
MISMATCH,كهرباء سيارات,كهرباء وبنشر مركز شعلة حولي,حولي,تواير وبنشر,خدمة كهرباء سيارات,4.2,16,ChIJ5-url5-dzz8RBrEUNLTh7mM
MISMATCH,إكسسوارات,Kuwait car,مدينة الكويت,دواسر وفرش,متجر كماليات السيارات,4.3,16,ChIJv8NEM8Gazz8RyxP0WDgFq4w
MISMATCH,ميكانيكا,كراج بريمير كار كيرGarage premier car care,الشويخ الصناعية,قير وفتيس,ورشة ميكانيكا سيارات,4.9,15,ChIJLzP04NKbzz8RcN6xlDjGflU
MISMATCH,قطع غيار,AUTO1 Parts and Accessories Sharq,المرقاب,كمبيوتر وتشخيص,متجر قطع غيار سيارات,4.2,15,ChIJPcr6Iy6Fzz8RA6zvB34HdAw
MISMATCH,كمبيوتر وتشخيص,مؤسسة ملك الحماية,غرب ابو فطيرة الحرفية,دواسر وفرش,خدمة ضبط السيارات,3.3,15,ChIJPxrutUuhzz8RXz4GMb6QsSM
MISMATCH,قطع غيار,سكراب القلاف,الكويت,إكسسوارات,متجر لبيع أجزاء السيارات المستعملة,4.3,15,ChIJ5Tj2i1IJ0D8RiWy7MRP_uys
MISMATCH,ميكانيكا,Euro Tune Performance,الشويخ الصناعية 1,كمبيوتر وتشخيص,ميكانيكي,5.0,14,ChIJ2Zf4Pb2bzz8RXz2z9dA31Qk
MISMATCH,ميكانيكا,كراج سنايبر صبغ وحدادة وميكانيكا وحماية تغيم حراري,الشويخ الصناعية 2,بودي وصبغ,ورشة ميكانيكا سيارات,4.4,14,ChIJvxGTVK2bzz8R6K-GiVg3ia8
MISMATCH,قطع غيار,Al Badi used auto part scrap,الكويت,قير وفتيس,متجر قطع غيار سيارات,3.8,14,ChIJCwYf2bMJ0D8RdpQxWR-EQ_c
MISMATCH,وكيل,Sircar Auctionمزاد سيركار,العارضية الحرفية,كمبيوتر وتشخيص,مزاد السيارات,4.0,14,ChIJPZbu2BqRzz8RN4BMJpJTw0w
MISMATCH,وكيل,Kuwaitcar Premium Automative Seat Cover Co.,الشويخ الصناعية,دواسر وفرش,تاجر سيارات Seat,4.0,14,ChIJy92ZPCqbzz8RyiIUPl6aNXk
MISMATCH,وكيل,نشتري سيارات نشتري السيارات,الكويت,دواسر وفرش,تاجر سيارات مستعملة,4.8,14,ChIJW4N6t-Wbzz8RwbBpEeWHuXY
MISMATCH,وكيل,شركه وكالة للسيارات الكويت - سيارات مستعمله للبيع - WAKALAH COMPANY ( USED CARS FOR SALE,شويخ الصناعية 3,دواسر وفرش,تاجر سيارات مستعملة,4.4,14,ChIJy7ryRxebzz8Rs20YKJA-7TM
MISMATCH,قطع غيار,سكراب - فورد العز,النعايم,إكسسوارات,متجر لبيع أجزاء السيارات المستعملة,3.5,14,ChIJ52LVcmUJ0D8R3CdimqLI2zw
MISMATCH,فحص فني,الضمان الاهلي لفحص السيارات بالكمبيوتر,العارضية الحرفية,كمبيوتر وتشخيص,محطة فحص سيارات,5.0,13,ChIJsc3fpxeRzz8RbdnWsuCnc68
MISMATCH,قطع غيار,سكراب لاند الياباني كلاسيك,النعايم,إكسسوارات,متجر لبيع أجزاء السيارات المستعملة,3.8,13,ChIJwfB28b8J0D8RO4damEy0_W8
MISMATCH,قطع غيار,Motorcraft Alghanim Fahaheel Parts Center 2,الفحيحيل,بطاريات,متجر قطع غيار سيارات,4.0,13,ChIJz0_fP0wHzz8Rt9jLRQ2ZuaU
MISMATCH,كمبيوتر وتشخيص,تنجيد كشنات,الشويخ الصناعية,دواسر وفرش,خدمة ضبط السيارات,3.4,13,ChIJSXOiizKbzz8RxBOs0IezTEc
MISMATCH,إكسسوارات,Adnan Al-Khatib كشنات الخطيب,شويخ الصناعية 3,دواسر وفرش,متجر كماليات السيارات,4.0,13,ChIJYZ5oT6Wbzz8RQnmC5t8u7iM
MISMATCH,قطع غيار,DEXOL KUWAIT ديكسول - Automatic Transmission | Torque Converter | Valve body | Spare Parts,الشويخ الصناعية 3,بودي وصبغ,متجر قطع غيار سيارات,4.9,12,ChIJNZvcWqKbzz8RUmoi8TC8A84
MISMATCH,إكسسوارات,مركز الشعاع لحماية وتظليل السيارات,الشويخ الصناعية,تظليل وزجاج,متجر كماليات السيارات,3.8,12,ChIJtbg9TO2bzz8RDzxkG8zySl8
MISMATCH,قطع غيار,سكراب بن نخى,النعايم,قير وفتيس,متجر لبيع أجزاء السيارات المستعملة,3.1,12,ChIJGTmLLZwJ0D8Ra3dxzi10Nks
MISMATCH,قطع غيار,سكراب الرياض الدولي,الكويت,قير وفتيس,متجر لبيع أجزاء السيارات المستعملة,3.3,12,ChIJq2iIhvEJ0D8RoVgFHGYAOdU
MISMATCH,قطع غيار,ابراهيم محمد الجريوي,الكويت,إكسسوارات,متجر لبيع أجزاء السيارات المستعملة,3.7,12,ChIJ_WX8UbMJ0D8RIF9omQ3h5Yk
MISMATCH,إكسسوارات,مؤسسة الدانة الملكية,الشويخ الصناعية,دواسر وفرش,متجر كماليات السيارات,4.3,12,ChIJDVYcydabzz8RaQW8I_NVnmY
MISMATCH,تكييف,المركز الألماني كهرباء وتكييف,الشويخ الصناعية 3,كهرباء سيارات,خدمة إصلاح تكييف الهواء,3.8,11,ChIJuY2KSnCbzz8RkwSQV8MLjN4
MISMATCH,قطع غيار,Zf services,شويخ الصناعية 3,قير وفتيس,متجر قطع غيار سيارات,4.6,11,ChIJe90i9qOazz8RNNO1CUeFUWs
MISMATCH,وكيل,ماربيا موتورز,الري,دواسر وفرش,تاجر السيارات,4.5,11,ChIJy0SE90Sbzz8RSJDQcwU-ToA
MISMATCH,قطع غيار,سكراب الخالدية,النعايم,إكسسوارات,متجر لبيع أجزاء السيارات المستعملة,4.1,11,ChIJpZSDfmUJ0D8RCuUXCutyob8
MISMATCH,ميكانيكا,Major performance Garage,الشويخ الصناعية 1,كمبيوتر وتشخيص,ميكانيكي,4.9,10,ChIJYaBnOACbzz8RIFSXaFjrk4s
MISMATCH,إكسسوارات,مركز حماية و تظليل حراري للسيارات,الشويخ الصناعية,تظليل وزجاج,متجر كماليات السيارات,4.4,10,ChIJz5umK4Kbzz8R_3JbwScPenw
MISMATCH,وكيل,TopGear,الري (قريب من الشويخ),دواسر وفرش,تاجر سيارات,3.9,10,ChIJqzUtBc2bzz8R7VHMk07S5N4
MISMATCH,قطع غيار,كراج الأقصي,الكويت,إكسسوارات,متجر لبيع أجزاء السيارات المستعملة,3.6,10,ChIJ8--Rsk0I0D8Rl09TcfWW_YU
MISMATCH,ميكانيكا,كراج الأفضل لتصليح السيارات,الشويخ الصناعية 1,فرامل,ميكانيكي,4.6,9,ChIJRSxlu8ubzz8RIy4zC1Oj0h4
MISMATCH,إكسسوارات,محمد أشرف تاج الدين لتنجيد السيارات,شويخ الصناعية 3,دواسر وفرش,متجر كماليات السيارات,5.0,9,ChIJCckVP5aazz8RuMCnJ-shrio
MISMATCH,غسيل وتلميع,بنشر وكهرباء جمعية الوفرة بنشر متنقل الوفرة ونش الوفرة شركة كراج الزوير لتصليح سيارات,الوفرة,ونش وسحب,خدمة العناية الشاملة بالسيارة,4.5,8,ChIJE9ag789hzj8RkiUnxMRWkA4
MISMATCH,وكيل,Kuwait car,العارضية الحرفية,دواسر وفرش,تاجر سيارات Renault,4.1,8,ChIJeTCDpzWRzz8Rqh7ZI5pCPo0
MISMATCH,ميكانيكا,كهربائي جعفر JAFAR CAR ELECTRICAL A/C & MECHANIC SHOP,الشويخ الصناعية 3,كهرباء سيارات,خدمة إصلاح رادياتير السيارة,5.0,7,ChIJv1zLJgCbzz8RKXfuRdEhW5w
MISMATCH,قطع غيار,شركة مدينة الزيوت العالمية لبيع جميع انواع الاطارات,الشويخ الصناعية 3,تواير وبنشر,متجر قطع غيار سيارات,4.6,7,ChIJj34fHH2bzz8Rn_HDOUfR_ug
MISMATCH,فحص فني,كهرباءوبنشر المفك الفضي,الفروانية,تواير وبنشر,محطة فحص سيارات,4.3,7,ChIJ5RBS8gebzz8RJjujJZ8Rbbc
MISMATCH,كهرباء سيارات,مستر سيرفس جراج Mr. Service Garage,المهبولة,بطاريات,خدمة كهرباء سيارات,4.1,7,ChIJwTNqJAAJzz8RfrcbcnLgcDM
MISMATCH,ميكانيكا,Abdullah AL Kandri Al Wataniya Electrical Car Repair Co,الشويخ الصناعية,كهرباء سيارات,ميكانيكي,4.5,6,ChIJa9ocAYqbzz8R7oIm1iQxur4
MISMATCH,ميكانيكا,كراج منصور راديترات,الشويخ الصناعية 1,فرامل,خدمة إصلاح الرادياتير,4.3,6,ChIJN1hUUOObzz8R0uch2H5wC7k
MISMATCH,فحص فني,فحص اعطال السيارات بالكمبيوتر,خيطان,كمبيوتر وتشخيص,محطة فحص سيارات,4.7,6,ChIJ6cn4yDybzz8R1e-RkNmVjTk
MISMATCH,ميكانيكا,كراج بنميرا لاصلاح و تجديد معاونات هيدروليك سيارات,الشويخ الصناعية,كمبيوتر وتشخيص,ورشة ميكانيكا سيارات,4.2,6,ChIJe0YHjdebzz8RPp3xcMExPeM
MISMATCH,إكسسوارات,Key programing kuwait مفاتيح السيارات,الفحيحيل,دواسر وفرش,متجر كماليات السيارات,5.0,6,ChIJozWuHwMHzz8RRHbxfewCXO4
MISMATCH,تكييف,صيانه تكييف مركزي تصليح تكييف غسيل مركزي,المنقف,غسيل وتلميع,خدمة إصلاح تكييف الهواء,4.3,6,ChIJOZK3fxoJzz8Rya7s3XSilho
MISMATCH,ميكانيكا,لتصليح تجفيت تصفيه مكاين قيرات,الشويخ الصناعية 2,قير وفتيس,ورشة ميكانيكا سيارات,4.8,5,ChIJJw0ddMSazz8R8zqZ5-njzvA
MISMATCH,إكسسوارات,مؤسسة الأسباني لزينة السيارات,غرب ابو فطيرة الحرفية,دواسر وفرش,متجر كماليات السيارات,4.4,5,ChIJv74nAk-gzz8Rmz7SxKT2nN4
MISMATCH,قطع غيار,Rawan Company For The Retail Sale of Auto Parts And Accessories,الشويخ الصناعية,قير وفتيس,متجر قطع غيار سيارات,5.0,5,ChIJ-8n76Dybzz8Rl4R4NvUSkvM
MISMATCH,ميكانيكا,Al Noor Automotive electricals النور لكهرباء السيارات,الشويخ الصناعية,كهرباء سيارات,ميكانيكي,5.0,4,ChIJD6wWdQCbzz8RWBouTRdBAno
MISMATCH,وكيل,كراج نيسان -,الكويت,قير وفتيس,مورد سيارات نيسان,4.3,4,ChIJHXavd9gJ0D8RC19MLXvNzQw
MISMATCH,وكيل,معرض اديشن موتورز للسيارات,غرب ابو فطيرة الحرفية,ميكانيكا,تاجر سيارات,5.0,4,ChIJo8Dxgcihzz8RRe5dhLrgAKk
MISMATCH,إكسسوارات,تنجيد مقاعد السيارات,شرق,دواسر وفرش,متجر كماليات السيارات,5.0,4,ChIJlVtr-0uFzz8RjHB9N48U16A
MISMATCH,ميكانيكا,شركة الفخامة لصيانة السيارات (تكييف-ميكانيك-ميزان),الشويخ الصناعية 2,تكييف,ميكانيكي,5.0,3,ChIJ36MTRQCbzz8R0lpahaHUI0M
MISMATCH,غسيل وتلميع,تركيب حماية سيارات وتظليل حراري,الشويخ الصناعية 2,تظليل وزجاج,خدمة العناية الشاملة بالسيارة,5.0,3,ChIJpSrdxzqbzz8ROgY7DF-jETc
MISMATCH,ميكانيكا,طلباتك نت قطع غيار سيارات بريك قيرات مكاين,الشويخ الصناعية 2,قير وفتيس,ميكانيكي,4.7,3,ChIJnZ0JHMCazz8RBfLI_DKv_oY
MISMATCH,ميكانيكا,كهرباء وبنشر فواد ناصرFoad al naser Garages,السالمية,تواير وبنشر,ورشة ميكانيكا سيارات,5.0,3,ChIJgyLZVUedzz8R1Bpr_MBhNtQ
MISMATCH,ميكانيكا,كهرباء وبنشر المنار الذهبي,الفروانية,تواير وبنشر,ورشة ميكانيكا سيارات,3.7,3,ChIJO9qlZ_Obzz8R3LYLbMkBYuw
MISMATCH,كهرباء سيارات,لتصليح السيارات خيطان تواير بطاريات,خيطان,تواير وبنشر,ورشة إصلاح كهربائية,2.0,3,ChIJKRH95cSbzz8R0VoGdqueXHs
MISMATCH,ميكانيكا,ورشه طرمبه يدة قير,حولي,قير وفتيس,ميكانيكي,5.0,3,ChIJBx9h6JGczz8RCJYSb2yPDLw
MISMATCH,قطع غيار,Battery shop,المرقاب,بطاريات,متجر قطع غيار سيارات,4.0,3,ChIJfePU_puFzz8R_UIGeqi-Khg
MISMATCH,إكسسوارات,العلمية الخليجيه لتنجيد السيارات ولطراريدGulf International car and boat upholstery,الشويخ الصناعية,دواسر وفرش,متجر كماليات السيارات,4.7,3,ChIJ7-rB_4qbzz8Rtzg0CFKM8Lg
MISMATCH,إكسسوارات,Galaxy car,غرب ابو فطيرة الحرفية,دواسر وفرش,متجر كماليات السيارات,5.0,3,ChIJFa2w0zShzz8R24Tfre3TayU
MISMATCH,وكيل,زينة حمادة للسيارات صناعية الفحيحيل,الفحيحيل,إكسسوارات,تاجر سيارات,5.0,3,ChIJr3WYfwAHzz8RHU1T4SEUsLU
MISMATCH,ميكانيكا,كراج الديري,الشويخ الصناعية,فرامل,ورشة ميكانيكا سيارات,3.7,3,ChIJEy_U9zybzz8RM9RWdzq6lkM
MISMATCH,وكيل,Automak Showroom - معرض أوتوماك,الشويخ الغزالي,وكلاء وكالات,معرض سيارات,5.0,3,ChIJt0p1RgCFzz_ku95AdGLKBw
MISMATCH,ميكانيكا,Titan Auto Solutions Co,شرق الأحمدي,قير وفتيس,ميكانيكي,5.0,2,ChIJoSj4GyMHzz8RXbU5PawwAPw
MISMATCH,ميكانيكا,كراج الجيرات متنقل,الفحيحيل,قير وفتيس,ميكانيكي,3.0,2,ChIJ9f1LjoQHzz8Rthk52cdsP5A
MISMATCH,إكسسوارات,Al bayrak,غرب ابو فطيرة الحرفية,دواسر وفرش,متجر كماليات السيارات,5.0,2,ChIJvUdFmCihzz8RUca_nYzHKu4
MISMATCH,غسيل وتلميع,Bangla car polish and Painting,الشويخ,بودي وصبغ,محطة غسل سيارات,5.0,1,ChIJb112QACPzz8RzpWlvQ7S9dM
MISMATCH,تكييف,شركة أي سي لاصلاح كهرباء السيارت,الشويخ الصناعية 3,كهرباء سيارات,خدمة تكييف سيارات,5.0,1,ChIJ6cJ7IACbzz8RgmrMlBFM2N8
MISMATCH,زيوت وصيانة,بنشر وخدمه زيت الخراز,الشويخ الصناعية 3,تواير وبنشر,خدمة تغيير الزيت,5.0,1,ChIJeb6yNwCbzz8R6-IfjMACIAM
MISMATCH,ميكانيكا,بنشر ماستر,الشويخ الصناعية 1,تواير وبنشر,ميكانيكي,5.0,1,ChIJeRzoz3Cbzz8RkukAyprfjyI
MISMATCH,إكسسوارات,شاشات اندرويد لايتات زينون تظليل حراري,الشويخ الصناعية 3,تظليل وزجاج,متجر كماليات السيارات,2.0,1,ChIJtyAuAGabzz8REWA64E3sPP0
MISMATCH,ميكانيكا,بنشر شباب القاهرة,الفروانية,تواير وبنشر,ورشة ميكانيكا سيارات,5.0,1,ChIJO_VhT66bzz8RuPpHJH34Q4c
MISMATCH,إكسسوارات,ورشة تنجيد سيارات (دبي الذهبية),الجهراء المنطقة الصناعية قطعه 1,دواسر وفرش,متجر كماليات السيارات,5.0,1,ChIJ_7rfevT3zz8RoTd1qVMIdXE
MISMATCH,ميكانيكا,ورشة تصليح راديتر السيارات (مؤسسة مكة المكرمة),الجهراء المنطقة الصناعية قطعه 1,رادياتير,خدمة إصلاح الرادياتير,5.0,1,ChIJszWRRQv3zz8RYtRQ3AfyWy8
MISMATCH,وكيل,مؤسسه الريان لسيارات,غرب ابو فطيرة الحرفية,بيع وشراء,مزاد السيارات,5.0,1,ChIJMxOeLfOhzz8R8423tAt2f7g
MISMATCH,بطاريات,بنشر الطراد,المنقف,تواير وبنشر,متجر بطاريات سيارات,5.0,1,ChIJVR8yHwAHzz8RF9DAloaRdVw
MISMATCH,ميكانيكا,"ALGHEMLAS COMPANY FOR CAR ENGINES REPAIRING AC, DENTING AND PAINTIGN",شرق الأحمدي,بودي وصبغ,ميكانيكي,5.0,1,ChIJq5tDXAAHzz8R7gK0WdGKVGw
MISMATCH,قطع غيار,تنجيد كشنات سياره,الشويخ الصناعية,دواسر وفرش,متجر قطع غيار سيارات,3.0,1,ChIJDbQNx_2bzz8RrMzWa5TKwJo
MISMATCH,إكسسوارات,Saroor Car Cushion,شرق,دواسر وفرش,متجر كماليات السيارات,5.0,1,ChIJRctwdUiFzz8Rh3pZJb0KHUw
MISMATCH,قطع غيار,شركة الفخامة للسكراب,الكويت,إكسسوارات,متجر لبيع أجزاء السيارات المستعملة,5.0,1,ChIJl9KSoJgJ0D8RuYyofE5hKi0
MISMATCH,قطع غيار,مؤسسة عوهة لأعمال السكراب - حاجي مسعود,النعايم,زيوت وصيانة,متجر قطع غيار سيارات,5.0,1,ChIJ5X5WdCIJ0D8R5k9vp8bVQa8
MISMATCH,قطع غيار,Imdabdallah Zadran - Nissan Pathfinder Nativa,العبدلي,فرامل,متجر قطع غيار سيارات,1.0,1,ChIJnUwEPbEhxT8ReALt786pcf8
MISMATCH,ميكانيكا,مركز أر تي لتصليح ميكانيك وكهرباء السيارات الالماني والامريكي,الشويخ الصناعية 2,كهرباء سيارات,ميكانيكي,,0,ChIJKbKeXl6bzz8RWwjnVZ6cMtc
MISMATCH,ميكانيكا,Avenues phase 3&4 central Air conditioning plant room,الشويخ الصناعية 3,تكييف,مهندس ميكانيكي,,0,ChIJO73xJwCbzz8RDvzbVvkHfww
MISMATCH,فحص فني,ميكانيكي و كهربائي النورس,مدينة الكويت,كهرباء سيارات,محطة فحص سيارات,0.0,0,ChIJFbiZqGidzz8RKGvkoi_LV6E
MISMATCH,فحص فني,النجم الثنائي لفحص السيارات بالكمبيوتر,الجهراء المنطقة الصناعية قطعه 1,كمبيوتر وتشخيص,محطة فحص سيارات,0.0,0,ChIJyZq5cbP3zz8RGTte36_AOIw
MISMATCH,ميكانيكا,كراج محرك ماكينه جير,الشويخ الصناعية,قير وفتيس,ورشة ميكانيكا سيارات,0.0,0,ChIJi_Lj1pWbzz8R_JV4tuHKTU4
MISMATCH,ميكانيكا,JAGUAR RANG ROVER,اسطبلات الجهراء,قير وفتيس,ورشة ميكانيكا سيارات,0.0,0,ChIJNfIGIupVxT8R6kDBgc_pOrI
MISMATCH,إكسسوارات,Kuwait Alkhaleej Car Accessories,الفحيحيل,كمبيوتر وتشخيص,متجر كماليات السيارات,0.0,0,ChIJ8cvRz5QHzz8REIASalY5f5Y
MISMATCH,بودي وصبغ,كراج مؤسسة المسيلة,الكويت,إكسسوارات,مورد أجزاء هيكل السيارة,0.0,0,ChIJ0xhJQgAJ0D8ReVtbJgUU3v4
MISMATCH,قطع غيار,كراج امجد (AMJAD),Salmi,إكسسوارات,متجر لبيع أجزاء السيارات المستعملة,0.0,0,ChIJ8cxXrfoJ0D8R3dUd8g6h2y0
MISMATCH,بودي وصبغ,الاتحاد الدولي,Naeem,إكسسوارات,مورد أجزاء هيكل السيارة,0.0,0,ChIJicC5aAAJ0D8RgxnRhi7yhlY
MISMATCH,وكيل,اكسسوارات جمله سيرات,الشويخ الصناعية,إكسسوارات,تاجر سيارات,0.0,0,ChIJD5N5MQCbzz8RzY6Z-AIwv2s
NON_GARAGE,خراطة صناعية؟,حداد مظلات الكويت,الفروانية,بودي وصبغ,ورشة المعادن,4.0,6,ChIJ38Rfq8ETJE4RPymlLAJAnIk
NON_GARAGE,خراطة صناعية؟,شركة داماك المشتركة (كراج السيارات ),منطقة أمغرة صناعية,خراطة,ورشة الآلات,5.0,2,ChIJXXv3oOnzzz8RNrHf83k8_0I
NON_GARAGE,خردة,سكراب المطلاع,الجهراء,دواسر وفرش,ساحة خردة,3.9,454,ChIJY0wDh7IJ0D8RdsjDnGeSQQk
NON_GARAGE,تأجير — مش كراج,Winch crane ونش سطحة,صباح السالم,ونش وسحب,خدمة تأجير السيارات,4.9,31,ChIJBSqXE6yfzz8RJlnSG-Jx7Aw
NON_GARAGE,خراطة صناعية؟,Asian auto works (Indian garage),غرب ابو فطيرة الحرفية,خراطة,ورشة الآلات,5.0,10,ChIJSzK4OSahzz8R5759Sbat-YY
NON_GARAGE,خردة,مقبرة الاطارات,الجهراء,ونش وسحب,تاجر الخردة,2.1,52,ChIJKfznWsfxzz8Ry5Egh-YQsbY
NON_GARAGE,غير سيارات,KAEFER Kuwait General Trading & Contracting Company WLL,المنقف,ونش وسحب,مقاول مواد عازلة للكهرباء,4.7,31,ChIJLRbKgfsHzz8REwYi1WM6HLo
NON_GARAGE,تأجير — مش كراج,كبد ونش سطحه,كبد,ونش وسحب,خدمة تأجير السيارات,0.0,0,ChIJ-3APXwDBzz8R3mmWoDMVsCE
NON_GARAGE,موقف — مش كراج,ونش ادارة كويتيه,شويخ الصناعية 1,ونش وسحب,موقف سيارات,0.0,0,ChIJDyk2IQCbzz8Re1NrGQcvDiw
NON_GARAGE,مصنع — مش كراج,Osaka965 Garage,الشويخ الصناعية,ونش وسحب,مصنع السيارات,4.2,27,ChIJX3c-_hCbzz8R31sqv65H0p4
NON_GARAGE,مصنع — مش كراج,نشتري السيارات,شويخ الصناعية 3,دواسر وفرش,مصنع السيارات,4.4,14,ChIJFY6mgaGbzz8ROedkrBSWiuI
NON_GARAGE,خردة,Salmi Car scrap Yard,الكويت,إكسسوارات,أماكن تجميع الخردة,4.8,4,ChIJX7LMPQAJ0D8RuHaH-2n0M6k
NON_GARAGE,خردة,كراج زاهد GMC شفر,الكويت,إكسسوارات,أماكن تجميع الخردة,4.0,6,ChIJkV1I2fAJ0D8RngqSy091-RE
NON_GARAGE,خردة,Kwdc commercial yard,العبدلي,فرامل,أماكن تجميع الخردة,0.0,0,ChIJScx8OwAhxT8RQmP-cKIodVY
NON_GARAGE,تأجير — مش كراج,Automak Automotive Headoffice - شركة أوتوماك للسيارات,الشويخ الصناعية 1,وكلاء وكالات,تأجير سيارات,4.5,4,ChIJbbF1I1Kbzz-XCbWBGHWWEw
